{
    "accuracy": 0.7886904761904762,
    "precision": 0.8089171974522293,
    "recall": 0.7559523809523809,
    "f1_score": 0.7815384615384615,
    "roc_auc": 0.8808815192743764,
    "confusion_matrix": {
        "true_negative": 138,
        "false_positive": 30,
        "false_negative": 41,
        "true_positive": 127
    },
    "selected_threshold": 0.5
}